feature,importance,model
thermal_discomfort_proxy,0.17363378,XGBoost
temperature_departure,0.12890863,XGBoost
heat_index_roll3_max,0.0614709,XGBoost
apparent_temperature_max,0.04505719,XGBoost
temperature_2m_max,0.031945936,XGBoost
pressure_change_24h,0.023731586,XGBoost
apparent_temperature_mean,0.023134505,XGBoost
apparent_temperature_max_roll5_mean,0.021988606,XGBoost
temperature_2m_max_roll7_mean,0.019745741,XGBoost
elevation_m,0.018481918,XGBoost
month,0.01621641,XGBoost
tmax_trend_1d,0.015865538,XGBoost
heat_index,0.01564725,XGBoost
sin_day_of_year,0.015335853,XGBoost
wind_gusts_10m_max,0.015232604,XGBoost
tmax_normal,0.013855801,XGBoost
apparent_temperature_min,0.013477373,XGBoost
longitude,0.012480337,XGBoost
shortwave_radiation_sum,0.011706603,XGBoost
heat_index_lag2,0.011479903,XGBoost
shortwave_radiation_sum_lag7,0.0113726845,XGBoost
cos_day_of_year,0.011298582,XGBoost
surface_pressure_mean,0.011278462,XGBoost
apparent_temperature_max_roll7_max,0.010985436,XGBoost
shortwave_radiation_sum_lag3,0.010078652,XGBoost
heat_index_lag7,0.009056487,XGBoost
temperature_2m_max_lag1,0.008813622,XGBoost
heat_index_roll3_mean,0.008722534,XGBoost
shortwave_radiation_sum_lag5,0.00844609,XGBoost
precipitation_sum,0.0081541315,XGBoost
wind_v,0.008146994,XGBoost
diurnal_temp_range,0.0072660153,XGBoost
temperature_2m_max_roll3_min,0.0072030467,XGBoost
shortwave_radiation_sum_lag2,0.007013337,XGBoost
tmax_trend_3d,0.0066774944,XGBoost
temperature_2m_mean,0.006597862,XGBoost
temperature_2m_max_roll7_max,0.0064430716,XGBoost
precip_7d_sum,0.0063123223,XGBoost
wind_speed_10m_max,0.006261537,XGBoost
heat_index_lag5,0.006217627,XGBoost
temperature_2m_mean_lag2,0.00619555,XGBoost
tmax_trend_7d,0.0059930454,XGBoost
temperature_2m_max_roll3_max,0.005546548,XGBoost
temperature_2m_min,0.005523165,XGBoost
temperature_2m_mean_lag5,0.00538388,XGBoost
apparent_temperature_max_roll5_max,0.0051488904,XGBoost
wind_direction_10m_dominant,0.0049832915,XGBoost
latitude,0.0046390644,XGBoost
apparent_temperature_max_lag7,0.004373363,XGBoost
temperature_2m_mean_lag1,0.0043624667,XGBoost
dew_point_mean,0.0043453705,XGBoost
temperature_2m_mean_lag3,0.0041504516,XGBoost
apparent_temperature_max_lag3,0.004124719,XGBoost
heat_index_lag1,0.0040635895,XGBoost
temperature_2m_mean_lag7,0.003974062,XGBoost
temperature_2m_max_lag3,0.0039561065,XGBoost
wind_u,0.0038742558,XGBoost
apparent_temperature_max_lag1,0.003847724,XGBoost
apparent_temperature_max_lag5,0.0036330775,XGBoost
heat_index_roll7_max,0.0032950307,XGBoost
apparent_temperature_max_lag2,0.0032945862,XGBoost
apparent_temperature_max_roll7_mean,0.003291902,XGBoost
heat_index_roll7_mean,0.003271354,XGBoost
heat_index_lag3,0.0031304294,XGBoost
temperature_2m_max_lag2,0.003093948,XGBoost
wbgt_approx,0.0030844999,XGBoost
precip_3d_sum,0.0029609515,XGBoost
temperature_2m_max_roll5_max,0.0029564828,XGBoost
temperature_2m_max_lag5,0.0028587885,XGBoost
heat_index_roll5_mean,0.002811779,XGBoost
temperature_2m_max_lag7,0.0027756942,XGBoost
apparent_temperature_max_roll3_min,0.002766113,XGBoost
shortwave_radiation_sum_lag1,0.0026776632,XGBoost
srad_roll3_mean,0.0020981077,XGBoost
temperature_2m_max_roll5_mean,0.0020597156,XGBoost
apparent_temperature_max_roll3_max,0.0019788845,XGBoost
heat_index_roll5_max,0.0019684955,XGBoost
dew_point_depression,0.0018935042,XGBoost
relative_humidity_mean,0.0014650667,XGBoost
heat_index_roll3_min,0.0013342816,XGBoost
apparent_temperature_max_roll3_mean,0.00095943094,XGBoost
temperature_2m_max_roll3_mean,0.00011225744,XGBoost
