model,horizon,accuracy,precision,recall,f1,roc_auc,pr_auc,brier_score
Logistic Regression,T+1,0.9808,0.248,0.3163,0.278,0.9598,0.2976,0.0247
Random Forest,T+1,0.9858,0.2162,0.0816,0.1185,0.9653,0.1986,0.0157
XGBoost,T+1,0.987,0.3333,0.1122,0.1679,0.9758,0.2834,0.0107
LightGBM,T+1,0.9846,0.1837,0.0918,0.1224,0.608,0.0619,0.0147
LSTM,T+1,0.9839,0.284,0.2347,0.257,0.9361,0.2071,0.0127
Attention-GRU,T+1,0.9879,0.4643,0.1327,0.2063,0.7139,0.1699,0.0108
XGBoost,T+2,0.9798,0.1682,0.1837,0.1756,0.9552,0.1583,0.0113
Attention-GRU,T+2,0.9037,0.0493,0.3878,0.0875,0.7022,0.0305,0.0139
XGBoost,T+3,0.9802,0.1236,0.1122,0.1176,0.8959,0.0834,0.0114
Attention-GRU,T+3,0.9766,0.1643,0.2347,0.1933,0.7297,0.0742,0.0124
